{
  "Total" : {
    "transaction" : "Total",
    "sampleCount" : 25447,
    "errorCount" : 0,
    "errorPct" : 0.0,
    "meanResTime" : 2385.180767870498,
    "medianResTime" : 2530.0,
    "minResTime" : 50.0,
    "maxResTime" : 3166.0,
    "pct1ResTime" : 2766.0,
    "pct2ResTime" : 2806.0,
    "pct3ResTime" : 3016.0,
    "throughput" : 406.2420178799489,
    "receivedKBytesPerSec" : 102.76176676744093,
    "sentKBytesPerSec" : 90.05560357299649
  },
  "HTTP Request" : {
    "transaction" : "HTTP Request",
    "sampleCount" : 25447,
    "errorCount" : 0,
    "errorPct" : 0.0,
    "meanResTime" : 2385.180767870498,
    "medianResTime" : 2530.0,
    "minResTime" : 50.0,
    "maxResTime" : 3166.0,
    "pct1ResTime" : 2766.0,
    "pct2ResTime" : 2806.0,
    "pct3ResTime" : 3016.0,
    "throughput" : 406.2420178799489,
    "receivedKBytesPerSec" : 102.76176676744093,
    "sentKBytesPerSec" : 90.05560357299649
  }
}