{
  "Total" : {
    "transaction" : "Total",
    "sampleCount" : 3697,
    "errorCount" : 0,
    "errorPct" : 0.0,
    "meanResTime" : 19039.192047606222,
    "medianResTime" : 21028.0,
    "minResTime" : 105.0,
    "maxResTime" : 43673.0,
    "pct1ResTime" : 25064.0,
    "pct2ResTime" : 28267.799999999996,
    "pct3ResTime" : 39653.439999999995,
    "throughput" : 44.2108536031188,
    "receivedKBytesPerSec" : 10.622975450539332,
    "sentKBytesPerSec" : 9.973346857734807
  },
  "HTTP Request" : {
    "transaction" : "HTTP Request",
    "sampleCount" : 3697,
    "errorCount" : 0,
    "errorPct" : 0.0,
    "meanResTime" : 19039.192047606222,
    "medianResTime" : 21028.0,
    "minResTime" : 105.0,
    "maxResTime" : 43673.0,
    "pct1ResTime" : 25064.0,
    "pct2ResTime" : 28267.799999999996,
    "pct3ResTime" : 39653.439999999995,
    "throughput" : 44.2108536031188,
    "receivedKBytesPerSec" : 10.622975450539332,
    "sentKBytesPerSec" : 9.973346857734807
  }
}