{
  "Total" : {
    "transaction" : "Total",
    "sampleCount" : 3562,
    "errorCount" : 0,
    "errorPct" : 0.0,
    "meanResTime" : 19984.42925322857,
    "medianResTime" : 22769.0,
    "minResTime" : 226.0,
    "maxResTime" : 34881.0,
    "pct1ResTime" : 26078.0,
    "pct2ResTime" : 26546.85,
    "pct3ResTime" : 30910.99999999999,
    "throughput" : 41.214926236621345,
    "receivedKBytesPerSec" : 10.98705977003182,
    "sentKBytesPerSec" : 9.257258822678624
  },
  "HTTP Request" : {
    "transaction" : "HTTP Request",
    "sampleCount" : 3562,
    "errorCount" : 0,
    "errorPct" : 0.0,
    "meanResTime" : 19984.42925322857,
    "medianResTime" : 22769.0,
    "minResTime" : 226.0,
    "maxResTime" : 34881.0,
    "pct1ResTime" : 26078.0,
    "pct2ResTime" : 26546.85,
    "pct3ResTime" : 30910.99999999999,
    "throughput" : 41.214926236621345,
    "receivedKBytesPerSec" : 10.98705977003182,
    "sentKBytesPerSec" : 9.257258822678624
  }
}