{
  "Total" : {
    "transaction" : "Total",
    "sampleCount" : 72209,
    "errorCount" : 0,
    "errorPct" : 0.0,
    "meanResTime" : 824.7713304435781,
    "medianResTime" : 814.0,
    "minResTime" : 3.0,
    "maxResTime" : 1853.0,
    "pct1ResTime" : 940.0,
    "pct2ResTime" : 987.0,
    "pct3ResTime" : 1093.9900000000016,
    "throughput" : 1180.580079785495,
    "receivedKBytesPerSec" : 317.06513111777355,
    "sentKBytesPerSec" : 267.47517432640115
  },
  "HTTP Request" : {
    "transaction" : "HTTP Request",
    "sampleCount" : 72209,
    "errorCount" : 0,
    "errorPct" : 0.0,
    "meanResTime" : 824.7713304435781,
    "medianResTime" : 814.0,
    "minResTime" : 3.0,
    "maxResTime" : 1853.0,
    "pct1ResTime" : 940.0,
    "pct2ResTime" : 987.0,
    "pct3ResTime" : 1093.9900000000016,
    "throughput" : 1180.580079785495,
    "receivedKBytesPerSec" : 317.06513111777355,
    "sentKBytesPerSec" : 267.47517432640115
  }
}