{
  "Total" : {
    "transaction" : "Total",
    "sampleCount" : 32132,
    "errorCount" : 0,
    "errorPct" : 0.0,
    "meanResTime" : 1873.919924063244,
    "medianResTime" : 1866.0,
    "minResTime" : 21.0,
    "maxResTime" : 3248.0,
    "pct1ResTime" : 2216.0,
    "pct2ResTime" : 2238.0,
    "pct3ResTime" : 2493.0,
    "throughput" : 516.1352501807083,
    "receivedKBytesPerSec" : 123.50225383503333,
    "sentKBytesPerSec" : 115.92881595855754
  },
  "HTTP Request" : {
    "transaction" : "HTTP Request",
    "sampleCount" : 32132,
    "errorCount" : 0,
    "errorPct" : 0.0,
    "meanResTime" : 1873.919924063244,
    "medianResTime" : 1866.0,
    "minResTime" : 21.0,
    "maxResTime" : 3248.0,
    "pct1ResTime" : 2216.0,
    "pct2ResTime" : 2238.0,
    "pct3ResTime" : 2493.0,
    "throughput" : 516.1352501807083,
    "receivedKBytesPerSec" : 123.50225383503333,
    "sentKBytesPerSec" : 115.92881595855754
  }
}