{
  "Total" : {
    "transaction" : "Total",
    "sampleCount" : 78161,
    "errorCount" : 51,
    "errorPct" : 0.065249935,
    "meanResTime" : 759.0297079105919,
    "medianResTime" : 807.0,
    "minResTime" : 0.0,
    "maxResTime" : 2383.0,
    "pct1ResTime" : 949.0,
    "pct2ResTime" : 978.0,
    "pct3ResTime" : 1089.9900000000016,
    "throughput" : 1281.9793665633354,
    "receivedKBytesPerSec" : 574.6247100216914,
    "sentKBytesPerSec" : 180.1607169217143
  },
  "HTTP Request" : {
    "transaction" : "HTTP Request",
    "sampleCount" : 78161,
    "errorCount" : 51,
    "errorPct" : 0.065249935,
    "meanResTime" : 759.0297079105919,
    "medianResTime" : 807.0,
    "minResTime" : 0.0,
    "maxResTime" : 2383.0,
    "pct1ResTime" : 949.0,
    "pct2ResTime" : 978.0,
    "pct3ResTime" : 1089.9900000000016,
    "throughput" : 1281.9793665633354,
    "receivedKBytesPerSec" : 574.6247100216914,
    "sentKBytesPerSec" : 180.1607169217143
  }
}