{
  "Total" : {
    "transaction" : "Total",
    "sampleCount" : 90373,
    "errorCount" : 0,
    "errorPct" : 0.0,
    "meanResTime" : 655.2404257908946,
    "medianResTime" : 640.0,
    "minResTime" : 4.0,
    "maxResTime" : 2181.0,
    "pct1ResTime" : 707.0,
    "pct2ResTime" : 737.0,
    "pct3ResTime" : 836.0,
    "throughput" : 1482.4967191601052,
    "receivedKBytesPerSec" : 335.83963549356133,
    "sentKBytesPerSec" : 337.3259136370161
  },
  "HTTP Request" : {
    "transaction" : "HTTP Request",
    "sampleCount" : 90373,
    "errorCount" : 0,
    "errorPct" : 0.0,
    "meanResTime" : 655.2404257908946,
    "medianResTime" : 640.0,
    "minResTime" : 4.0,
    "maxResTime" : 2181.0,
    "pct1ResTime" : 707.0,
    "pct2ResTime" : 737.0,
    "pct3ResTime" : 836.0,
    "throughput" : 1482.4967191601052,
    "receivedKBytesPerSec" : 335.83963549356133,
    "sentKBytesPerSec" : 337.3259136370161
  }
}