{
  "Total" : {
    "transaction" : "Total",
    "sampleCount" : 62447,
    "errorCount" : 0,
    "errorPct" : 0.0,
    "meanResTime" : 954.2523259724328,
    "medianResTime" : 997.0,
    "minResTime" : 7.0,
    "maxResTime" : 1784.0,
    "pct1ResTime" : 1065.0,
    "pct2ResTime" : 1077.0,
    "pct3ResTime" : 1106.0,
    "throughput" : 1017.5658720200753,
    "receivedKBytesPerSec" : 244.47021424701396,
    "sentKBytesPerSec" : 229.5485512076537
  },
  "HTTP Request" : {
    "transaction" : "HTTP Request",
    "sampleCount" : 62447,
    "errorCount" : 0,
    "errorPct" : 0.0,
    "meanResTime" : 954.2523259724328,
    "medianResTime" : 997.0,
    "minResTime" : 7.0,
    "maxResTime" : 1784.0,
    "pct1ResTime" : 1065.0,
    "pct2ResTime" : 1077.0,
    "pct3ResTime" : 1106.0,
    "throughput" : 1017.5658720200753,
    "receivedKBytesPerSec" : 244.47021424701396,
    "sentKBytesPerSec" : 229.5485512076537
  }
}