{
  "Total" : {
    "transaction" : "Total",
    "sampleCount" : 3543,
    "errorCount" : 0,
    "errorPct" : 0.0,
    "meanResTime" : 20034.04064352248,
    "medianResTime" : 19533.0,
    "minResTime" : 224.0,
    "maxResTime" : 53111.0,
    "pct1ResTime" : 26569.8,
    "pct2ResTime" : 40692.799999999996,
    "pct3ResTime" : 49448.12,
    "throughput" : 41.019288211730384,
    "receivedKBytesPerSec" : 11.675786405631325,
    "sentKBytesPerSec" : 9.413606181402969
  },
  "HTTP Request" : {
    "transaction" : "HTTP Request",
    "sampleCount" : 3543,
    "errorCount" : 0,
    "errorPct" : 0.0,
    "meanResTime" : 20034.04064352248,
    "medianResTime" : 19533.0,
    "minResTime" : 224.0,
    "maxResTime" : 53111.0,
    "pct1ResTime" : 26569.8,
    "pct2ResTime" : 40692.799999999996,
    "pct3ResTime" : 49448.12,
    "throughput" : 41.019288211730384,
    "receivedKBytesPerSec" : 11.675786405631325,
    "sentKBytesPerSec" : 9.413606181402969
  }
}