{
  "Total" : {
    "transaction" : "Total",
    "sampleCount" : 40969,
    "errorCount" : 23,
    "errorPct" : 0.05614001,
    "meanResTime" : 1468.3164099685089,
    "medianResTime" : 1550.0,
    "minResTime" : 0.0,
    "maxResTime" : 3040.0,
    "pct1ResTime" : 1648.0,
    "pct2ResTime" : 1663.0,
    "pct3ResTime" : 1690.9900000000016,
    "throughput" : 663.0682829721462,
    "receivedKBytesPerSec" : 177.44401570617606,
    "sentKBytesPerSec" : 148.8477425469759
  },
  "HTTP Request" : {
    "transaction" : "HTTP Request",
    "sampleCount" : 40969,
    "errorCount" : 23,
    "errorPct" : 0.05614001,
    "meanResTime" : 1468.3164099685089,
    "medianResTime" : 1550.0,
    "minResTime" : 0.0,
    "maxResTime" : 3040.0,
    "pct1ResTime" : 1648.0,
    "pct2ResTime" : 1663.0,
    "pct3ResTime" : 1690.9900000000016,
    "throughput" : 663.0682829721462,
    "receivedKBytesPerSec" : 177.44401570617606,
    "sentKBytesPerSec" : 148.8477425469759
  }
}