{
  "Total" : {
    "transaction" : "Total",
    "sampleCount" : 182168,
    "errorCount" : 30,
    "errorPct" : 0.016468314,
    "meanResTime" : 324.70071582275654,
    "medianResTime" : 341.0,
    "minResTime" : 0.0,
    "maxResTime" : 4785.0,
    "pct1ResTime" : 458.0,
    "pct2ResTime" : 478.0,
    "pct3ResTime" : 493.0,
    "throughput" : 3019.976459276206,
    "receivedKBytesPerSec" : 1332.657408515484,
    "sentKBytesPerSec" : 418.7398200875317
  },
  "HTTP Request" : {
    "transaction" : "HTTP Request",
    "sampleCount" : 182168,
    "errorCount" : 30,
    "errorPct" : 0.016468314,
    "meanResTime" : 324.70071582275654,
    "medianResTime" : 341.0,
    "minResTime" : 0.0,
    "maxResTime" : 4785.0,
    "pct1ResTime" : 458.0,
    "pct2ResTime" : 478.0,
    "pct3ResTime" : 493.0,
    "throughput" : 3019.976459276206,
    "receivedKBytesPerSec" : 1332.657408515484,
    "sentKBytesPerSec" : 418.7398200875317
  }
}