{
  "Total" : {
    "transaction" : "Total",
    "sampleCount" : 3679,
    "errorCount" : 3,
    "errorPct" : 0.0815439,
    "meanResTime" : 19121.167436803495,
    "medianResTime" : 22145.0,
    "minResTime" : 101.0,
    "maxResTime" : 30215.0,
    "pct1ResTime" : 23235.0,
    "pct2ResTime" : 24107.0,
    "pct3ResTime" : 27347.799999999996,
    "throughput" : 44.72241469433402,
    "receivedKBytesPerSec" : 20.024819880292476,
    "sentKBytesPerSec" : 6.28396119762226
  },
  "HTTP Request" : {
    "transaction" : "HTTP Request",
    "sampleCount" : 3679,
    "errorCount" : 3,
    "errorPct" : 0.0815439,
    "meanResTime" : 19121.167436803495,
    "medianResTime" : 22145.0,
    "minResTime" : 101.0,
    "maxResTime" : 30215.0,
    "pct1ResTime" : 23235.0,
    "pct2ResTime" : 24107.0,
    "pct3ResTime" : 27347.799999999996,
    "throughput" : 44.72241469433402,
    "receivedKBytesPerSec" : 20.024819880292476,
    "sentKBytesPerSec" : 6.28396119762226
  }
}