{
  "Total" : {
    "transaction" : "Total",
    "sampleCount" : 60454,
    "errorCount" : 0,
    "errorPct" : 0.0,
    "meanResTime" : 988.6863400271194,
    "medianResTime" : 970.0,
    "minResTime" : 5.0,
    "maxResTime" : 2304.0,
    "pct1ResTime" : 1112.9000000000015,
    "pct2ResTime" : 1149.0,
    "pct3ResTime" : 1215.9900000000016,
    "throughput" : 988.3272299241434,
    "receivedKBytesPerSec" : 265.43415138430225,
    "sentKBytesPerSec" : 219.09207147732474
  },
  "HTTP Request" : {
    "transaction" : "HTTP Request",
    "sampleCount" : 60454,
    "errorCount" : 0,
    "errorPct" : 0.0,
    "meanResTime" : 988.6863400271194,
    "medianResTime" : 970.0,
    "minResTime" : 5.0,
    "maxResTime" : 2304.0,
    "pct1ResTime" : 1112.9000000000015,
    "pct2ResTime" : 1149.0,
    "pct3ResTime" : 1215.9900000000016,
    "throughput" : 988.3272299241434,
    "receivedKBytesPerSec" : 265.43415138430225,
    "sentKBytesPerSec" : 219.09207147732474
  }
}