{
  "Total" : {
    "transaction" : "Total",
    "sampleCount" : 38391,
    "errorCount" : 0,
    "errorPct" : 0.0,
    "meanResTime" : 1563.0854887864352,
    "medianResTime" : 1589.0,
    "minResTime" : 9.0,
    "maxResTime" : 3226.0,
    "pct1ResTime" : 1691.0,
    "pct2ResTime" : 1707.0,
    "pct3ResTime" : 1725.0,
    "throughput" : 623.4531813309948,
    "receivedKBytesPerSec" : 177.49165375113677,
    "sentKBytesPerSec" : 143.07763438748415
  },
  "HTTP Request" : {
    "transaction" : "HTTP Request",
    "sampleCount" : 38391,
    "errorCount" : 0,
    "errorPct" : 0.0,
    "meanResTime" : 1563.0854887864352,
    "medianResTime" : 1589.0,
    "minResTime" : 9.0,
    "maxResTime" : 3226.0,
    "pct1ResTime" : 1691.0,
    "pct2ResTime" : 1707.0,
    "pct3ResTime" : 1725.0,
    "throughput" : 623.4531813309948,
    "receivedKBytesPerSec" : 177.49165375113677,
    "sentKBytesPerSec" : 143.07763438748415
  }
}