{
  "Total" : {
    "transaction" : "Total",
    "sampleCount" : 2728,
    "errorCount" : 0,
    "errorPct" : 0.0,
    "meanResTime" : 28073.486803519103,
    "medianResTime" : 32487.0,
    "minResTime" : 277.0,
    "maxResTime" : 55651.0,
    "pct1ResTime" : 38497.0,
    "pct2ResTime" : 46047.899999999994,
    "pct3ResTime" : 52485.39000000001,
    "throughput" : 27.861184304593827,
    "receivedKBytesPerSec" : 12.57477065332843,
    "sentKBytesPerSec" : 3.917979042833507
  },
  "HTTP Request" : {
    "transaction" : "HTTP Request",
    "sampleCount" : 2728,
    "errorCount" : 0,
    "errorPct" : 0.0,
    "meanResTime" : 28073.486803519103,
    "medianResTime" : 32487.0,
    "minResTime" : 277.0,
    "maxResTime" : 55651.0,
    "pct1ResTime" : 38497.0,
    "pct2ResTime" : 46047.899999999994,
    "pct3ResTime" : 52485.39000000001,
    "throughput" : 27.861184304593827,
    "receivedKBytesPerSec" : 12.57477065332843,
    "sentKBytesPerSec" : 3.917979042833507
  }
}