{
  "Total" : {
    "transaction" : "Total",
    "sampleCount" : 62928,
    "errorCount" : 0,
    "errorPct" : 0.0,
    "meanResTime" : 950.5906432748594,
    "medianResTime" : 910.0,
    "minResTime" : 17.0,
    "maxResTime" : 11041.0,
    "pct1ResTime" : 1107.0,
    "pct2ResTime" : 1225.0,
    "pct3ResTime" : 11012.0,
    "throughput" : 1032.5036507129144,
    "receivedKBytesPerSec" : 285.3655763409191,
    "sentKBytesPerSec" : 239.97643444304066
  },
  "HTTP Request" : {
    "transaction" : "HTTP Request",
    "sampleCount" : 62928,
    "errorCount" : 0,
    "errorPct" : 0.0,
    "meanResTime" : 950.5906432748594,
    "medianResTime" : 910.0,
    "minResTime" : 17.0,
    "maxResTime" : 11041.0,
    "pct1ResTime" : 1107.0,
    "pct2ResTime" : 1225.0,
    "pct3ResTime" : 11012.0,
    "throughput" : 1032.5036507129144,
    "receivedKBytesPerSec" : 285.3655763409191,
    "sentKBytesPerSec" : 239.97643444304066
  }
}