{
  "Total" : {
    "transaction" : "Total",
    "sampleCount" : 64305,
    "errorCount" : 77,
    "errorPct" : 0.11974186,
    "meanResTime" : 926.7490708342889,
    "medianResTime" : 931.0,
    "minResTime" : 0.0,
    "maxResTime" : 3079.0,
    "pct1ResTime" : 1003.0,
    "pct2ResTime" : 1019.0,
    "pct3ResTime" : 1032.0,
    "throughput" : 1056.8831766484782,
    "receivedKBytesPerSec" : 256.18229033984454,
    "sentKBytesPerSec" : 238.1324961171192
  },
  "HTTP Request" : {
    "transaction" : "HTTP Request",
    "sampleCount" : 64305,
    "errorCount" : 77,
    "errorPct" : 0.11974186,
    "meanResTime" : 926.7490708342889,
    "medianResTime" : 931.0,
    "minResTime" : 0.0,
    "maxResTime" : 3079.0,
    "pct1ResTime" : 1003.0,
    "pct2ResTime" : 1019.0,
    "pct3ResTime" : 1032.0,
    "throughput" : 1056.8831766484782,
    "receivedKBytesPerSec" : 256.18229033984454,
    "sentKBytesPerSec" : 238.1324961171192
  }
}