{
  "Total" : {
    "transaction" : "Total",
    "sampleCount" : 174182,
    "errorCount" : 4,
    "errorPct" : 0.0022964485,
    "meanResTime" : 341.28397308563007,
    "medianResTime" : 307.0,
    "minResTime" : 2.0,
    "maxResTime" : 2901.0,
    "pct1ResTime" : 440.0,
    "pct2ResTime" : 461.0,
    "pct3ResTime" : 490.0,
    "throughput" : 2886.675505469009,
    "receivedKBytesPerSec" : 1278.965403727834,
    "sentKBytesPerSec" : 403.1197239082698
  },
  "HTTP Request" : {
    "transaction" : "HTTP Request",
    "sampleCount" : 174182,
    "errorCount" : 4,
    "errorPct" : 0.0022964485,
    "meanResTime" : 341.28397308563007,
    "medianResTime" : 307.0,
    "minResTime" : 2.0,
    "maxResTime" : 2901.0,
    "pct1ResTime" : 440.0,
    "pct2ResTime" : 461.0,
    "pct3ResTime" : 490.0,
    "throughput" : 2886.675505469009,
    "receivedKBytesPerSec" : 1278.965403727834,
    "sentKBytesPerSec" : 403.1197239082698
  }
}