{
  "Total" : {
    "transaction" : "Total",
    "sampleCount" : 134154,
    "errorCount" : 3,
    "errorPct" : 0.002236236,
    "meanResTime" : 441.9083366876869,
    "medianResTime" : 384.0,
    "minResTime" : 0.0,
    "maxResTime" : 3302.0,
    "pct1ResTime" : 906.0,
    "pct2ResTime" : 1012.0,
    "pct3ResTime" : 1926.9900000000016,
    "throughput" : 2222.233265417681,
    "receivedKBytesPerSec" : 973.7516454792609,
    "sentKBytesPerSec" : 319.0072460617204
  },
  "HTTP Request" : {
    "transaction" : "HTTP Request",
    "sampleCount" : 134154,
    "errorCount" : 3,
    "errorPct" : 0.002236236,
    "meanResTime" : 441.9083366876869,
    "medianResTime" : 384.0,
    "minResTime" : 0.0,
    "maxResTime" : 3302.0,
    "pct1ResTime" : 906.0,
    "pct2ResTime" : 1012.0,
    "pct3ResTime" : 1926.9900000000016,
    "throughput" : 2222.233265417681,
    "receivedKBytesPerSec" : 973.7516454792609,
    "sentKBytesPerSec" : 319.0072460617204
  }
}