{
  "Total" : {
    "transaction" : "Total",
    "sampleCount" : 97838,
    "errorCount" : 0,
    "errorPct" : 0.0,
    "meanResTime" : 616.4769210327345,
    "medianResTime" : 612.0,
    "minResTime" : 6.0,
    "maxResTime" : 3590.0,
    "pct1ResTime" : 836.0,
    "pct2ResTime" : 1309.0,
    "pct3ResTime" : 2186.9900000000016,
    "throughput" : 1562.7575631728587,
    "receivedKBytesPerSec" : 378.25853602290516,
    "sentKBytesPerSec" : 347.9577386752068
  },
  "HTTP Request" : {
    "transaction" : "HTTP Request",
    "sampleCount" : 97838,
    "errorCount" : 0,
    "errorPct" : 0.0,
    "meanResTime" : 616.4769210327345,
    "medianResTime" : 612.0,
    "minResTime" : 6.0,
    "maxResTime" : 3590.0,
    "pct1ResTime" : 836.0,
    "pct2ResTime" : 1309.0,
    "pct3ResTime" : 2186.9900000000016,
    "throughput" : 1562.7575631728587,
    "receivedKBytesPerSec" : 378.25853602290516,
    "sentKBytesPerSec" : 347.9577386752068
  }
}