{
  "Total" : {
    "transaction" : "Total",
    "sampleCount" : 75985,
    "errorCount" : 204,
    "errorPct" : 0.26847404,
    "meanResTime" : 786.3575047706745,
    "medianResTime" : 778.0,
    "minResTime" : 0.0,
    "maxResTime" : 3201.0,
    "pct1ResTime" : 934.0,
    "pct2ResTime" : 959.0,
    "pct3ResTime" : 988.0,
    "throughput" : 1236.9967603822422,
    "receivedKBytesPerSec" : 557.3373520347322,
    "sentKBytesPerSec" : 173.48565166783337
  },
  "HTTP Request" : {
    "transaction" : "HTTP Request",
    "sampleCount" : 75985,
    "errorCount" : 204,
    "errorPct" : 0.26847404,
    "meanResTime" : 786.3575047706745,
    "medianResTime" : 778.0,
    "minResTime" : 0.0,
    "maxResTime" : 3201.0,
    "pct1ResTime" : 934.0,
    "pct2ResTime" : 959.0,
    "pct3ResTime" : 988.0,
    "throughput" : 1236.9967603822422,
    "receivedKBytesPerSec" : 557.3373520347322,
    "sentKBytesPerSec" : 173.48565166783337
  }
}